RH5,RH10,RH15,RH20,RH25,RH30,RH35,RH40,RH45,RH50,RH55,RH60,RH65,RH70,RH75,RH80,RH85,RH90,RH95,RH100,AGB
1.16,3.57,5.58,5.95,7.32,8.82,8.04,8.45,9.5,10.9,12.23,13.63,14.98,16.15,17.42,19.38,22.02,24.08,26.65,35.87,183.8096132
0.7,1.84,3.54,4.33,5.4,6.35,7.38,8.45,9.77,11.18,12.43,13.87,16.5,18.15,19.75,21.27,23.05,24.63,26.3,35.33,254.8453772
0.35,2.4,5.01,5.01,6.41,7.65,8.79,8.74,9.77,11.04,12.26,13.39,14.49,15.64,17.06,18.49,19.86,21.15,22.89,32.34,271.7481148
1.54,4.82,7.43,9.37,10.88,12.3,13.53,14.68,15.88,17.23,19.05,20.75,22.3,23.78,25.43,27.25,29.03,31.22,33.33,42.48,329.8727241
0.48,2.4,4.22,6.3,7.16,8.7,9.02,10.42,11.7,12.97,14.2,15.38,16.73,18.37,19.75,21.32,23.15,25.8,28.45,36.03,231.2113547
0,0,0,0,0.1,0.52,0.73,1.16,1.85,3.57,4.83,7.7,11.32,13.37,16.72,19.38,21.47,23.6,25.68,34.42,111.158801
0,0,0,0.38,0.66,1.22,1.72,2.53,3.55,4.72,6.02,7.47,8.85,10.17,11.67,13.78,16.18,18.1,20.42,29.18,179.4140347
0,1.5,1.8,2.89,2.38,3.45,4.76,5.53,7,8.52,10.02,11.43,13.08,15.38,17.23,18.72,20.07,21.6,23.33,31.37,189.3248191
0,0.55,1.2,1.88,2.72,2.66,3.39,4.67,5.92,6.15,7.22,8.82,10.28,11.73,14.02,15.82,17.92,19.75,21.83,32.03,113.4721694
0,0.55,1,1.65,2.64,3.75,4.39,5.55,5.85,6.95,8.4,9.83,11.13,12.38,13.67,15.42,17.9,20.42,23.33,33.7,180.2565609
6.36,10.99,11.83,13.5,14.78,15.88,15.12,16.42,17.42,18.2,18.95,19.7,20.53,21.37,22.2,23.1,23.97,24.88,25.98,34.67,273.3613959
2.4,4.12,6.53,8.25,9.6,10.83,12.18,13.62,14.78,16.08,17.05,17.83,18.65,19.45,20.27,21.08,22.07,23.15,24.8,33.07,256.1514054
0.4,1.83,3.35,5.65,6.9,9.17,9.82,9.8,10.72,11.65,12.58,13.53,14.62,15.63,16.67,17.82,19.17,20.48,21.9,30.6,190.5921465
3.92,8.1,11.33,14.12,16.32,17.67,18.78,19.77,20.57,21.25,21.9,22.47,23.07,23.77,24.63,25.45,26.37,27.48,29.2,39.37,332.2933528
7.52,10.90333333,13.42333333,15.17333333,16.45666667,17.53,18.51,19.46666667,20.35333333,21.26333333,22.10333333,22.87333333,23.71333333,24.55333333,25.86,27.37666667,28.56666667,29.85,31.71666667,36.80333333,229.9481836
7.1,9.96,14.08,14.43,15.88,16.95,17.82,18.6,19.33,20.07,20.82,21.48,22.27,22.92,23.53,24.12,24.8,25.6,26.78,35.62,285.5751423
6.67,12.68,16.22,18.48,20.22,21.52,22.63,23.57,24.37,25.13,25.88,26.53,27.18,27.8,28.48,29.37,30.37,31.4,32.77,42.78,425.9946308
3.09,7.22,11.02,13.7,16.22,18.18,20.13,21.58,22.62,23.57,24.4,25.18,25.9,26.65,27.32,28.07,28.93,30.02,31.35,39,350.7083511
6.58,10.47,13.08,14.83,16.4,17.87,19.32,20.55,21.53,22.47,23.32,24.07,24.8,25.62,26.42,27.4,28.55,30.07,31.72,39.97,367.7966832
4.76,6.86,7.93,9.57,11.07,12.27,13.42,14.33,15.23,16.17,17.23,18.5,19.87,21.02,22.08,22.97,23.88,24.93,26.23,34.27,223.4850948
0,0,0,0,0,0,0,0,0.02,0.13,0.33,0.53,0.75,0.97,1.23,1.5,1.92,2.43,3.22,16.22,19.95019292
0,0,0,0,0,0,0.3,0.6,0.21,0.23,0.5,0.72,0.98,1.25,1.52,1.85,2.22,2.75,3.5,18.72,3.902289379
0,0,0,0,0,0,0,0,0,0.02,0.15,0.38,0.58,0.75,1.03,1.27,1.6,2.05,3.08,18.3,9.494191
0,0,0,0,0,0,0,0,0.11,0.18,0.38,0.58,0.83,1.07,1.37,1.7,2.3,5.3,9.38,23.65,27.07932673
0,0,0,0,0,0,0.15,0.15,0.2,0.4,0.63,0.85,1.15,1.45,1.88,4.38,5.13,8.77,16.57,29.08,5.311130415
0,0,0,0,0,0,0,0.07,0.15,0.25,0.42,0.67,0.92,1.17,1.48,2.73,4.02,6.1,8.42,25.17,14.97173774
0,0,0,0,0,0,0,0,0.09,0.17,0.37,0.6,0.83,1.03,1.47,2.13,2.82,4.48,7.88,23.3,11.86542828
0,0,0,0,0,0,0,0,0.07,0.17,0.35,0.53,0.75,0.98,1.22,1.6,2.98,5.57,6.58,20.97,18.18110407
0,0,0,0,0,0,0,0,0,0.06,0.25,0.47,0.7,0.9,1.17,1.47,1.78,2.25,3.08,25.78,6.62981186
0,0,0,0,0,0,0,0,0.05,0.13,0.32,0.57,0.75,1.03,1.3,1.68,2.45,4.5,5.75,26.93,8.311585485
0,0,0,0,0,0,0,0,0.07,0.06,0.27,0.43,0.68,0.9,1.13,1.45,1.88,4.68,6.65,26.72,4.823431958
0,0,0,0,0,0,0,0,0.15,0.21,0.37,0.6,0.82,1.07,1.38,3.15,3.83,4.42,6.72,27.43,6.364705535
0,0,0,0,0,0,0,0,0.05,0.18,0.38,0.6,0.82,1.07,1.32,1.63,1.97,2.53,3.4,22.02,24.07044789
0,0,0,0,0,0,0.22,0.24,0.34,0.53,0.75,1.12,2.1,2.75,4.53,5.48,6.85,9.3,15.83,28.63,13.59261121
0,0,0,0,0,0,0,0,0.03,0.13,0.33,0.55,0.77,0.97,1.27,1.53,1.88,2.3,3.12,20.28,14.99173306
0,0,0,0,0,0,0,0,0,0.09,0.27,0.43,0.63,0.83,1.05,1.3,1.62,2,3.57,19.7,8.59244926
0,0,0,0,0,0,0,0,0,0.07,0.25,0.47,0.67,0.9,1.12,1.38,1.7,2.15,3.18,25.07,6.414983395
0,0,0,0,0,0,0.15,0.22,0.3,0.25,0.5,0.75,1.02,1.47,2.83,3.63,6.27,7.6,12.03,30.98,5.741815605
0,0,0,0,0,0.3,0.6,0.45,0.19,0.33,0.57,0.97,1.42,1.77,2.15,2.52,2.98,4.58,7.2,21.25,7.128114145
0,0,0,0,0,0,0,0,0.04,0.12,0.28,0.45,0.67,0.87,1.12,1.37,1.9,3.95,6.73,22.52,6.59362176
2.75,6.28,9.22,11.07,12.68,14.43,15.97,17.33,18.52,19.77,21.12,22.37,24.1,25.63,26.78,27.83,28.93,30.23,31.5,38.87,354.9153565
1.05,4.3,6.68,4.56,5.78,6.97,8.33,9.18,11.23,13.05,15.43,17.5,18.8,20.77,22.07,23.25,24.7,26.9,29.47,39.35,342.3489972
2.02,6.12,9.22,10.31,10.91,11.47,12.98,14.32,15.5,16.73,18.03,19.27,20.68,22.18,23.4,24.6,25.9,27.35,28.85,38,456.5821392
0.22,1.31,3.79,6.32,8.68,9.65,11.75,13.67,15.48,17.58,19.23,20.82,22.33,24.02,25.63,27.05,28.52,30.25,32.37,40.27,182.0905858
7.95,4.01,3.06,4.88,7.2,10.74,12.15,14.55,16.23,17.62,18.67,19.6,20.48,21.32,22.23,23.3,24.4,25.68,27.73,37.42,267.6599918
2.16,5.33,8.72,12.23,14.78,16.85,18.6,20.1,21.42,22.52,23.53,24.53,25.67,26.6,27.45,28.23,29.02,29.88,31.18,38.18,422.8863547
5.05,11.07,14.6,17.07,18.95,20.57,21.82,22.93,24.07,25.13,26,26.88,27.78,28.75,29.77,30.73,31.77,33.02,34.57,44.37,415.1937053
3.21,6.28,8.2,10.35,12.25,14.47,16.15,17.5,18.73,19.78,20.87,21.87,22.93,23.9,24.8,25.77,26.68,27.67,28.92,36.17,254.6702637
1.4,3.51,5.92,8.65,11.3,13.57,15.5,17.33,18.92,20.27,21.95,23.83,25.35,26.55,27.73,28.7,29.8,31,32.6,40.9,387.8477268
2.12,4.91,8.82,11.2,13.27,15.05,16.87,18.72,20.52,21.95,23.15,24.35,25.7,26.95,27.95,28.9,29.92,31.25,33.03,40.6,351.2618653
4.92,8.29,10.23,13.2,15.83,18,20.48,22.33,24.18,25.53,26.5,27.3,28.1,28.82,29.6,30.45,31.4,32.55,34.2,41.88,398.6380351
6.68,3.24,4.37,6.66,10.09,13.11,15.73,18.15,20.18,22.03,24.32,25.82,27.11,28.46,29.72,30.69,31.72,33.34,35.72,43.24,300.651339
3.06,6.64,8.17,10.65,12.53,14.13,15.57,17.02,18.25,19.8,20.83,21.68,22.47,23.23,24.18,25.22,26.55,28.03,29.68,39.65,230.321607
5.03,6.9,11.07,14.12,16.48,18.4,20.3,21.83,22.97,23.92,24.7,25.33,25.93,26.52,27.12,27.73,28.45,29.25,30.27,37.2,272.6462593
3.52,6.65,8.44,9.79,10.83,12.82,14.18,15.72,17.23,18.83,19.85,20.92,22.1,23.25,24.58,25.65,27.03,28.15,29.48,38.12,193.2999236
3.41,6.57,9.18,11.8,13.88,15.63,17.17,18.43,19.45,20.38,21.18,21.92,22.65,23.3,23.97,24.67,25.45,26.4,27.62,35.8,207.4951493
5.62,12.53,14.92,17.23,18.93,20.37,21.63,22.75,23.9,24.92,25.68,26.35,26.97,27.72,28.58,29.37,30.15,31.05,32.28,39.63,458.0248717
3.54,7.4,9.95,11.68,13.18,14.53,15.82,17,18.15,19.32,20.48,21.63,22.62,23.63,24.62,25.55,26.42,27.42,28.9,37.95,296.617326
5.74,9.2,12.65,14.93,16.48,18.03,19.45,20.77,21.92,22.95,23.8,24.63,25.4,26.13,26.95,27.77,28.62,29.73,31.55,39.95,389.926612
6.3,8.29,10.29,11,12.28,13.5,14.87,16.2,17.33,18.17,18.92,19.73,20.55,21.7,22.97,24.28,25.5,26.9,28.65,36.73,244.2252023
0.93,3.75,5.62,7.95,10.1,12.25,14.68,16.32,17.73,18.97,20.1,22.45,24.07,25.72,27.27,28.55,29.63,30.73,32.33,41.82,250.401152
0.48,2.17,4.5,6.27,8.53,10.57,12.8,15.47,18.15,20.1,21.97,23.58,24.73,25.85,26.87,27.93,29.05,30.42,32.27,42.28,299.1158618
0.75,3.35,5.01,7.09,6.73,7.92,9.18,10.92,12.65,14.33,16.07,17.7,19.02,20.25,21.5,22.85,24.47,26.53,28.65,39.2,192.8330599
1.76,4.08,6.6,6.8,6.9,8.25,7.53,8.77,9.83,10.95,12.25,13.98,15.62,17.53,19.25,20.87,22.58,24.48,27.43,42.12,140.4525922
4.95,2.65,3.9,3.83,4.76,4.53,3.39,4.18,6.17,7.95,9.65,11.2,14,16.85,18.65,20.68,22.77,24.37,26.03,35.73,139.2172725
0.1,2.3,4,6.73,9.78,12.45,14.28,15.68,16.97,18.13,19.15,20.27,21.35,22.33,23.23,24.12,25.17,26.55,29.35,37.8,244.118471
1.35,4.2,2.91,4.12,6.32,8.21,8.07,9.23,10.22,11.22,12.3,13.5,14.65,15.9,17.12,18.47,19.95,21.62,24.6,37.52,196.5777331
0,0.75,1.18,2.48,3.98,5.62,6.28,7.63,9.35,11.37,13.55,15.2,16.5,17.63,18.97,20.68,22,23.38,25.22,37.43,201.9577075
0,0,0.8,1.23,1.61,2.21,3.09,4.01,4.52,5.62,6.82,8.18,9.38,10.58,11.92,13.27,14.5,16.32,19.17,30.32,109.5164363
0,0.25,1.39,2.78,2.83,3.19,3.88,4.88,5.88,6.95,8.08,9.3,10.4,11.53,12.63,13.87,15.33,17.33,20.1,31.1,90.42047
0.71,2.12,4.53,7.23,9.5,11.57,13.42,15.2,16.83,18.42,20.05,21.43,22.8,24,25.22,26.57,27.8,29.12,30.73,39.43,164.253489
1.57,3.66,5.76,7.42,9.11,9.6,10.93,12.17,13.47,14.93,16.7,18.53,20.03,21.57,23.23,25.4,27.55,30.65,33.1,42.3,204.6963168
2.07,4.84,6.81,8.94,9.68,11.3,12.78,14.23,15.53,16.67,17.68,18.67,19.65,20.6,21.73,23.63,25.57,27.75,29.7,38.12,277.2929975
1.12,3.3,6.27,9.3,11.77,13.82,15.57,16.98,18.3,19.77,21.05,22.3,23.47,24.5,25.58,26.67,27.87,29.08,30.65,40.82,256.0584363
2.82,6.9,8.53,11.65,14.1,16.15,17.98,19.65,21.3,22.7,23.95,25.1,26.3,27.45,28.68,29.98,31.6,33.25,35.02,45.75,267.776256
1.91,4.78,6.57,8.42,10.13,11.97,13.88,15.57,17.02,18.45,19.9,21.17,22.43,23.58,24.77,26.27,27.92,29.68,31.57,42.05,121.7738161
0.98,2.19,3.78,5.8,7.6,9.25,10.72,11.93,13,14.2,15.35,16.48,17.6,18.65,19.8,21.05,22.38,23.8,25.52,33.02,133.3260444
2.89,6.57,8.43,8.89,8.05,9.35,10.63,12.13,13.52,15.13,16.47,17.62,18.72,19.9,21.07,22.3,23.77,25.32,27.27,37.25,171.5416454
2.93,2.82,4.7,6.28,6.84,7.33,7.7,8.88,10.23,11.62,13,14.48,16.4,17.95,19.38,20.65,21.8,23.2,24.62,31.18,75.972048
0.6,1.65,2.35,2.73,4.22,5.65,7,8.35,10.03,11.15,12.18,13.2,14.38,15.6,17.35,19.23,21.02,22.52,24.45,35.58,52.3866703
1.05,4.58,4.24,6.71,9.38,11.06,12.3,13.5,14.81,16.01,17.29,18.56,19.54,20.51,21.45,22.42,23.59,24.9,26.62,36.15,89.6099798
0.65,2.59,4.76,6.94,7.32,9.3,9.68,11.22,12.43,13.97,15.7,17.1,18.4,19.45,20.38,21.2,22.05,23.15,25.38,33.8,56.97987675
1.8,4.48,7.35,10.07,9.5,11.03,12.65,14,15.25,16.58,17.87,19.05,20.27,21.33,22.25,23.08,24.02,25.28,26.88,39.15,193.5637694
1.26,3.49,6.38,8.13,10.17,12.03,13.67,15.05,16.43,17.65,18.68,19.72,20.85,21.93,23.02,24.13,25.67,27.7,29.68,39.65,156.7809024
4.42,7.74,10.1,14.12,16.6,18.27,19.92,21.47,22.82,24.03,25.22,26.48,27.72,28.9,30.07,31.28,32.47,33.87,36.35,47.8,434.5185608
3.8,8.85,14.07,18.23,20.8,23.32,25.33,27.27,28.77,30.15,31.4,32.5,33.7,34.93,36.45,38,39.43,41.68,43.68,51.32,400.8040922
1.8,5.42,9,11.6,13.38,14.95,16.6,17.92,19,19.95,20.9,21.98,23.27,24.42,25.4,26.35,27.45,28.9,30.68,40,294.3017125
1.83,6.48,10.4,13.7,16.33,18.18,19.47,20.57,21.53,22.43,23.42,24.27,25.1,25.9,26.7,27.57,28.57,29.7,31.07,41.08,223.134717
1.48,4.72,7.85,10.78,12.95,14.65,16.08,17.53,19.2,21.05,22.72,24.4,26.13,27.45,28.55,29.62,30.97,32.92,35.35,43.8,372.7069217
2.29,5.75,8.9,11.55,13.68,15.42,16.75,18.02,19.48,20.78,22.02,23,23.88,24.7,25.58,26.63,28.08,29.68,31.77,41.98,285.7298998
2.21,3.43,5.38,7.65,9.68,11.52,13.2,14.67,16.4,18.18,20.15,22.45,23.82,25.22,27.03,29.07,31.17,32.6,35.37,44.13,224.7101509
3.2,3.73,5.98,6.6,8.75,10.95,12.97,14.88,16.62,18.08,19.62,21.38,22.95,24.75,26.12,27.73,30.83,32.58,34.48,45.23,148.529889
2.34,5.81,8.48,11.97,14.55,16.45,17.98,19.05,20.05,21.08,22.1,23.12,24.17,25.1,26.18,27.53,29,30.65,32.18,40.42,250.2940043
3.15,3.93,4.8,5.9,7.6,9.67,11.68,13.72,15.6,17.52,19.53,21.25,22.72,24.02,25.13,26.37,27.72,29.23,31.48,41.48,206.7589505
0.59,2.49,3.77,3.94,4.32,5.24,5.49,5.59,6.35,6.72,6.27,6.06,6.62,7.07,7.92,8.94,9.98,11.27,13.64,24.92,82.1705193
0.6,2.05,3.54,4.59,5.2,5.22,6.02,5.8,5.98,6.32,6.62,6.66,7.32,8.12,8.92,9.76,10.96,12.42,14.48,25.71,98.9662549
0.62,1.77,3.48,4.97,6.18,6.99,7.89,8.51,9.25,10.21,11.09,11.9,12.74,13.62,14.55,15.77,16.87,18.14,19.89,27.89,124.3815344
0.93,2,3.31,4.21,5.16,5.67,6.4,7.25,8.01,8.81,9.56,10.44,11.32,12.23,13.01,14.05,15.23,16.82,19.37,28.61,137.5679773
0.97,3.03,4.53,6,6.82,7.79,8.59,9.42,10.17,10.98,11.61,12.35,13.08,13.85,14.51,15.43,16.51,17.82,19.43,28.36,156.9756702
2.23,4.71,6.96,8.83,10.32,11.29,12.37,13.45,14.39,14.96,15.87,16.75,17.4,18.35,19.24,20.15,21.17,22.39,24.01,31.62,190.0697039
2.06,3.92,5.55,7.34,8.79,9.98,10.95,12.07,12.54,13.52,14.5,15.49,16.41,17.31,18.24,19.19,20.24,21.34,23,31.78,189.128391
0.6,1.65,2.64,3.75,5.04,6,6.96,7.88,7.83,8.87,9.9,11,12.18,13.47,15.27,17.27,18.9,20.38,22.07,31.93,147.0701751
1.22,4.75,7.92,10.63,12.58,14.07,15.5,17.03,18.32,19.35,20.38,21.43,22.43,23.5,24.82,26.35,27.57,29.13,31.18,42.53,117.628938
1.47,5.45,8.7,11,12.6,13.97,15.15,16.28,17.52,18.68,19.73,20.63,21.52,22.42,23.38,24.45,25.32,26.28,27.6,37.3,264.8985757
1.92,5.98,9,11.33,13.02,14.5,15.83,17.02,18.15,19.42,20.48,21.55,22.57,23.57,24.42,25.3,26.4,27.7,29.45,38.07,312.8383322
1.95,4.6,6.17,8.01,8.46,9.66,10.71,10.5,11.4,12.3,13.22,14.13,15.12,16.27,17.98,19.87,21.35,23.02,25.15,34.67,137.0056284
2.17,5.21,8.47,4.93,6.3,8,9.85,12.85,14.77,16.28,17.78,19.03,19.98,20.95,22.07,23.45,25.1,26.78,28.78,38.43,476.1008675
0,0.6,1.58,2.22,3.09,3.9,4.72,5.93,7.05,8.23,9.47,10.82,12.32,13.63,14.72,15.8,17.02,18.38,20.15,30.18,87.9916905
3.42,7.44,8.5,8.85,10.33,11.72,11.68,13.28,14.61,16.01,15.23,16.18,17.08,18.08,19.42,20.58,21.92,23.42,25.28,34.87,221.7694123
0.9,1.71,2.62,3.72,4.14,4.97,5.12,6.06,6.22,6.97,7.72,8.53,9.58,10.8,12.17,13.98,16.4,19,23.48,35.63,106.7752732
0.3,0.88,1.63,2.75,3.73,4.57,5.37,6.03,6.62,7.17,7.75,8.3,8.88,9.7,10.73,12.25,13.38,15.2,17.17,30.67,188.530479
0.3,0.83,1.5,2.06,3.17,4.14,5.08,5.32,6.18,7.15,8.5,10.05,11.1,12.08,13.12,14.17,15.53,17.15,19.63,33.8,100.595124
0.05,1.18,2.78,4.22,5.49,6.6,7.61,8.47,9.22,8.88,9.7,10.6,11.63,12.58,13.72,15.1,18.43,22.53,25.9,40.68,210.7827815
0.3,1.54,1.76,2.79,3.77,4.74,5.83,6.9,8.42,8.76,8.45,9.35,10.38,11.23,12.22,13.35,15.58,18.43,20.77,33.45,89.8386024
0,0.64,2.02,2.4,3.3,3.45,4.14,4.76,4.84,5.64,5.77,6.83,8.33,9.87,10.87,11.82,13,15.65,19.57,32.75,78.4766048
1.8,2.03,3.73,5.47,6.97,8.37,9.63,11.08,12.92,14.53,16,17.22,18.35,19.52,20.95,22.37,23.95,26.23,28.97,43.55,246.3243194
1.8,2.6,4.25,5.8,7.75,9.5,9.3,8.08,9,10.15,12.37,14.03,15.5,17.42,19.2,20.45,21.68,23.18,25.1,39.25,57.86841185
1.3,3.58,5.13,6.62,7.92,9.08,10.67,12.82,13.95,15.22,16.67,19.3,21.75,24.82,26.32,27.77,29.63,33.5,36.03,46.1,528.4493505
0,0.71,1.41,2.63,4.02,5.37,6.5,7.42,8.25,9.08,9.93,10.98,12.18,13.42,14.78,16.45,18.38,20.28,22.65,32.27,182.422896
0,0.3,1,2.15,3.25,4.25,5.1,5.83,6.53,7.22,7.83,8.47,9.17,10.05,10.87,11.88,13.23,14.38,16.13,24,158.6870245
0,0.25,1,2.33,3.97,5.57,6.88,8.05,9.15,10.2,11.28,12.52,13.88,15.17,16.48,17.88,19.37,20.9,22.83,31.55,282.4035291
0,0,0.3,0.72,1.2,1.99,2.43,3.05,3.73,4.42,5.2,6.98,7.87,8.7,10.02,12.43,15.12,17.13,20.78,31.18,169.0184902
0,0.25,0.87,1.54,2.3,3.38,4.4,5.33,6.23,7.08,7.9,8.72,9.47,10.32,11.23,12.33,14.25,16.42,18.55,28.33,177.8860424
0,0.45,0.45,1.18,1.95,2.29,2.98,3.6,3.6,3.78,4.32,4.83,5.4,6.02,6.78,8.18,9.28,10.93,14.6,24.02,58.3559999
0,0.2,1,2.72,4.48,5.77,6.78,7.63,8.3,8.95,9.58,10.17,10.82,11.55,12.45,13.97,15.6,17.17,19,28.47,112.0960264
0,0.15,0.6,1.54,2.62,3.77,4.54,5.27,5.94,6.56,6.35,6.88,7.47,8.17,9.03,10.57,12.13,13.7,16.02,24.7,95.8491653
0,0.6,1.18,2.35,3.42,4.23,4.92,5.53,6.15,7.12,7.88,8.98,9.82,10.82,12.3,13.67,15.2,16.75,18.98,27.85,88.27977965
0,0.15,0.45,1.03,1.98,3.08,3.92,4.72,5.42,6.13,6.85,7.57,8.35,9.27,10.67,11.93,13.4,16.12,19.07,29.22,64.43483
0,0.64,1.2,1.73,2.83,4.13,5.2,6.13,7.13,8.17,9.35,10.62,11.7,12.63,13.7,14.98,16.13,17.97,20.58,32.03,66.36120425
0,0.69,2.43,4.32,5.98,7.4,8.67,9.67,10.52,11.32,12.13,12.95,13.73,14.57,15.53,16.6,18.57,20.8,23.95,33.07,192.834496
0,0.38,1.33,3.03,4.92,6.25,7.25,8.15,8.98,9.87,10.95,11.93,12.93,14.12,15.88,17.3,19.2,21.07,23.55,33.75,250.77098
0,0.15,0.69,1.28,2.17,2.95,3.52,4.12,4.01,4.59,4.03,4.67,5.53,6.37,7.07,7.78,9.6,10.85,12.78,26.28,26.77052938
0.52,2.57,4.97,7.17,8.87,10.2,11.5,12.9,14.13,15.35,16.55,18.07,20.05,21.68,23.15,25.27,27.32,30.62,32.73,42.43,217.2916174
0.71,2.67,4.82,6.63,8.13,9.48,10.75,11.83,13.1,14.73,16.43,17.73,18.9,20.22,21.4,22.52,23.85,25.65,28.42,38,156.8089308
0.1,1.29,2.92,4.58,5.75,6.63,7.47,8.4,9.48,10.5,11.82,13.67,15,16.33,18.32,19.87,21.25,23.05,25.48,37.6,199.3618699
0,0.64,2.2,4.58,6.18,7.48,8.65,9.68,10.6,11.65,12.8,13.6,14.42,15.58,16.57,19.08,22.58,24.37,26.47,38.45,231.8344268
0,0.07,0.4,0.99,1.68,2.52,3.3,4.02,4.62,5.23,5.78,6.42,7.12,7.75,8.45,9.18,10.08,11.5,13.52,28.82,67.89609425
0,0.42,1.17,2.45,3.77,4.93,5.85,6.63,7.32,8.07,8.78,9.52,10.33,11.32,12.18,13.17,14.2,15.47,18.42,29.43,88.9279329
0.9,1.37,3.08,4.92,6.37,7.68,9.07,10.32,11.43,12.35,13.18,14.07,15.07,16.37,17.9,19.03,20.15,21.67,23.78,35.05,181.3079685
1.05,3,5.63,8.03,9.73,10.95,12.13,13.82,15.35,16.57,17.52,18.53,19.7,22.03,23.22,24.32,25.67,27.72,33.58,43.73,133.8470866
0,0.3,0.56,1.31,1.99,2.59,3,3.38,3.75,4.2,4.72,5.36,6.07,6.79,7.31,7.84,8.29,8.85,9.53,15.26,267.5710846
0,0.15,0.34,0.98,1.65,2.33,2.89,3.38,3.83,4.24,4.69,5.14,5.7,6.38,7.28,8.29,9.34,10.57,12.19,19.69,116.287691
0,1.46,3.15,5.03,7.35,8.66,9.45,10.09,10.65,11.14,11.7,12.19,12.68,13.24,13.8,14.36,15.04,15.82,16.84,23.29,134.6521293
0.98,5.85,7.8,7.35,8.47,9.45,10.43,11.55,13.01,14.74,15.98,17.1,17.96,18.75,19.46,20.18,21,21.9,23.21,30.11,176.8516477
0,0,0,0,0.15,0.5,1.1,1.54,2.78,4.01,4.84,5.62,6.38,7.24,7.99,8.81,9.86,10.95,12.41,19.01,134.6938409
0,0,0,0.26,0.6,1.12,5.1,10.09,11.62,12.53,13.24,13.84,14.44,14.89,15.38,15.86,16.42,17.06,17.92,23.96,186.2434904
0,0,0,0.3,0.82,1.65,4.69,7.5,9.6,11.32,12.6,13.46,14.29,15.04,15.71,16.31,16.91,17.66,18.56,24.52,218.3130186
0,0,0,0,0,0,0,0.3,0.52,0.79,1.05,1.35,1.65,1.91,2.21,2.51,2.89,3.34,4.09,12.15,20.92567841
0,0,0.3,1.05,0.98,1.43,1.91,2.44,2.89,3.41,3.9,4.35,4.76,5.18,5.59,5.96,6.45,7.05,7.88,13.8,30.58206412
0.75,1.1,2.2,3.2,2.92,3.49,3.94,4.39,4.76,5.14,5.59,5.96,6.34,6.68,7.05,7.43,7.84,8.25,8.89,13.46,95.2790823
0,0,0,0,0,0.07,0.3,0.52,0.82,1.16,1.57,1.99,2.4,2.81,3.15,3.45,3.83,4.24,4.84,9.38,36.8000561
0,0,0,0,0,0,0,0.07,0.34,0.49,0.79,1.01,1.27,1.57,1.84,2.14,2.44,2.85,3.64,11.21,18.55569376
1.83,3.75,6.18,8.02,9.5,11.02,12.47,13.92,15.1,16.07,16.98,18.05,19.05,20.37,22.13,23.85,25.75,27.33,29.73,38.83,180.6338411
0.51,2.76,4.58,6.1,7.27,8.25,9.25,10.32,11.45,12.58,13.57,14.6,15.8,17.6,19.53,21.12,22.83,24.88,27.62,38.68,110.5500909
0.5,2.38,3.71,5.44,7.07,8.59,9.73,9.75,10.78,11.87,13.05,14.25,15.42,16.27,17.25,18.58,21.1,23.78,26.48,35.33,157.1553546
0.6,2.18,3.83,5.68,7.3,9.32,11.27,13.1,14.57,16.03,17.45,19.82,22.32,23.63,24.93,26.25,27.92,30.85,33.58,42.98,146.6103555
0,0.68,1.03,2.05,2.95,3.73,4.45,5.23,6.42,7.37,8.27,9.05,9.83,11.58,13.13,15.33,17.2,18.88,21.38,33.52,54.2497222
0.67,3.2,5.65,7.26,8.51,9.63,10.61,11.49,12.33,13.1,13.87,14.57,15.25,15.88,16.53,17.2,17.92,18.74,19.86,26.26,129.7577562
1.34,3.82,5.36,6.66,7.81,8.89,9.88,10.75,11.55,12.3,13.01,13.67,14.31,14.93,15.54,16.17,16.83,17.62,18.62,24.54,154.9364309
1.09,2.94,5.01,6.65,7.64,8.39,9.14,9.79,10.57,11.29,11.98,12.65,13.28,13.93,14.56,15.22,15.98,16.82,17.86,23.77,155.7868813
1.14,3.51,5.7,7.4,8.62,9.75,10.74,11.69,12.55,13.35,14.08,14.76,15.44,16.08,16.78,17.47,18.2,19,20.12,26.41,185.1597862
1.64,5.04,7.2,8.82,10.11,11.12,12,12.76,13.47,14.12,14.73,15.3,15.87,16.42,16.96,17.54,18.18,18.93,19.98,25.99,147.4880494
1.3,3.98,6.05,7.67,9.05,10.2,11.15,11.99,12.76,13.5,14.2,14.86,15.51,16.1,16.68,17.27,17.88,18.6,19.56,25.18,66.5129922
1.04,3.9,5.54,7.06,8.26,9.22,10.04,10.69,11.3,11.82,12.32,12.79,13.23,13.69,14.16,14.64,15.22,15.97,17.18,23.37,35.28747147
2.06,5.14,7.58,9.13,10.31,11.14,11.87,12.45,12.99,13.48,13.97,14.4,14.81,15.21,15.6,16.05,16.56,17.18,18.11,24.39,23.04782738
2.22,7.9,11.85,15.2,17.92,20.38,22.95,25.1,27.12,29.12,30.73,31.97,33.3,34.87,36.3,38.37,40.15,41.77,44.05,52.52,394.2858646
0.75,2.83,4.38,6.1,7.73,9.1,10.35,11.92,14,15.52,16.98,18.52,19.88,21.7,23.68,25.85,28.2,30.1,31.7,48.1,234.7489475
1.8,4.7,6.93,8.85,10.83,12.43,14.03,15.47,16.7,17.8,18.85,20.22,22.7,24.1,26.83,28.58,30.35,34.3,36.13,47.03,178.9000306
4.86,6.08,8.18,11.23,14.52,17.03,19.33,22.13,23.82,25.2,26.95,28.57,30.08,31.57,32.9,34.32,36.18,38.08,39.8,47.35,445.1268137
3.32,7.4,11.25,14.48,16.77,18.62,20.32,21.9,23.25,24.4,25.48,26.68,28.02,29.15,30.23,31.4,32.57,33.73,35.25,45.88,310.9124138
1.82,4.82,7.32,9.25,10.9,12.22,13.45,14.62,15.85,17.07,18.23,19.77,21.12,22.32,23.78,25.43,26.67,28.2,30.63,39.93,171.8348842
1.91,5.05,7.52,9.68,11.37,12.87,14.37,15.6,16.8,18.28,19.68,20.87,22.22,23.68,25.17,26.5,27.83,30.85,33.35,42.65,151.8290874
2.97,4.84,5.6,7.15,8.53,9.93,11.43,12.67,13.8,15,16.25,17.5,18.52,19.53,21.03,22.85,25.95,28.02,30.92,42.92,38.17638044
